SKU,Nombre,Precio normal
56025_ECR,Sofa SPRITZ Ecru,449
56025_NEG,Sofa SPRITZ Negro,449
56025_MOS,Sofa SPRITZ Mostaza,449
55006_ANT,Butaca STONE Anthracite,999
55055_ANT,Sofa Stone Anthracite,1799
55055_ACE,Sofa Stone Color Acero,1799
55055_ECR,Sofa Stone Ecru,1799
55055_ROJ,Sofa Stone Rojo,1799
55022_BLA,Sofa SOLID Blanco,899
55022_NEG,Sofa SOLID Negro,899
55022_ECR,Sofa SOLID Ecru,899
55007_ROJ,Mesa de Centro STONE Roja,399
55007_NEG,Mesa de Centro STONE Negra,399
55007_ECR,Mesa de Centro STONE Ecru,399
55007_ACE,Mesa de Centro STONE Color Acero,399
Fusion2Pl+CL+D,Sofa 2 Puestos + Lounge con Deposito,3999
Fusion-4PL,Sofa 4 puestos FUSION ,3499
Fusion-2Pl+CL-0102,Sofa 2 Puestos + Lounge ,3499
SOHO-3P+LOUNGE-DER,Sofa 3 puestos mas lounge SOHO LOUNGE,4999
SOHO-3PL,Sofa de 3 puestos en tela SOHO Azul,2499
SOHO-4PL,Sofa 4 Plazas SOHO ,4499
DOMINO-4P,Sofa gris y verde en tela 4 puestos,4499
DOMINO-2PL,Sofa verde y gris en tela 2 puestos,2749
ISOLA-2PL,Sofa color ceniza en tela 2 puestos,2499
ISOLA-4PL,Sofa ISOLA 4 Plazas,2999
Fusion-2PL-CL+D-0009,Sofa 2 Puestos + Lounge con Deposito Marron,4199
Fusion-2PL+CL-0037,Sofa 2 Puestos + Lounge Platino,3699
CHERS100V/S500D-0500,Set Butaca y Pouff Amarilla,1199
CHERS100V/S500D-009,Set Butaca y Pouff Morada,1199
40612_BRO,Macetero CONE | Ø120x104 BRONCE,299
 49074A_2019,Macetero ADAN | 70x96x100 BASIC ORANGE,1099
 54176A_ECR,Macetero FAZ | 40x120x40 ECRU,429
67013A_ROJ,Macetero SUAVE Ø75x150 BASIC ROJO,1099
100NOC038,Silla de comedor en piel ROMA,519
204U03038,Silla de comedor en piel color Titanio TIFFANY ,599
209OTT038,Silla de comedor BARCELLONA,499
40380_ECR,Macetero CYLINDER | Ø80x80 ECRU,399
40560A_KAK,Macetero CONE | Ø60x120 BASIC KHAKI,599
40660_2017,Macetero CONE |  Ø60x52 CREMA,179
40680_TAU,Macetero CONE | Ø80x69 TAUPE,299
41640_BEI,Macetero JARDINIERE  | 40x100x40 BEIGE,299
41650A_TAU,Macetero JARDINIERE  | 50x120x50 BASIC TAUPE,629
42214_BEI,Macetero ULM | Ø49x60 BEIGE,189
42215_BEI,Macetero ULM | Ø61x75 BEIGE,199
42216_BEI,Macetero ULM | Ø74x90 BEIGE,389
42219_BEI,Macetero ULM | 57x127x50 BEIGE,549
44035_ACE,Macetero TOWER | Ø35x100 STEEL,349
46003W_HIE,Lampara BUBBLES R30cm Luz Blanca,299
46004W_HIE,Lampara BUBBLES 40R cm Luz Blanca,349
46005W_HIE,Lampara BUBBLES 50R cm Luz Blanca,399
46006W_HIE,Lampara BUBBLES 60R cm Luz Blanca,449
46019L_HIE,Lampara SECOND 19R cm Luz Multicolor,289
46038L_HIE,Lampara SECOND 38R cm Luz Multicolor,849
46075L_HIE,Lampara SECOND 75R cm Luz Multicolor,1499
47056W_HIE,Lampara VASES 180 cm Luz Blanca,1649
47068W_HIE,Lampara VASES 220 cm Luz Blanca,2499
47081A_BRO,Macetero MARQUIS |  Ø60x50 BASIC BRONZE,299
47083A_NEG,Macetero MARQUIS |  Ø40x60 BASIC BLACK,249
47084A_ECR,Macetero MARQUIS |  Ø30x83 BASIC ECRU,199
47087W_HIE,Lampara MARQUIS 60R cm Luz Blanca,599
47089W_HIE,Lampara MARQUIS 40R cm Luz Blanca,549
47090W_HIE,Lampara MARQUIS 30R cm Luz Blanca,449
49060A_HIE,Macetero ADAN |  49x68x70 BASIC ICE,599
49064A_ANT,Macetero ADAN |  30x41x42 BASIC ANTHRACITE,249
51038_ECR,Mesita Lateral Voxel 42x42x48 ECRU,99
53013R_2015,Macetero ALMA|  50x47x140 SELF-WATERING PURJAI RED,699
54038A_ECR,Macetero VELA CUBE|  30x120x90 BASIC ECRU,949
54042A_KAK,Macetero VELA CUBE|  60x60x100 BASIC KHAKI,749
54066W_HIE,Lampara  VELA 90cm Luz Blanca,949
54067W_HIE,Lampara VELA 110cm Luz Blanca,949
54068W_HIE,Lampara VELA 152cm Luz Blanca,999
54175A_ANT,Macetero FAZ | 40x40 ANTHRACITE,189
54177A_ANT,Macetero FAZ | 126x51x80cm ANTHRACITE,699
643038R120,Mesa de comedor redonda ISLAND,2269
65003Y_BRO,Bocina Toro BUM BUM 36x50x43 RGB LED BATTERY BRONCE,1499
65003Y_ECR,Bocina Toro BUM BUM 36x50x43 RGB LED BATTERY ECRU,1499
65003Y_NEG,Bocina Toro BUM BUM 36x50x43 RGB LED BATTERY BLACK,1499
65003Y_ROJ,Bocina Toro BUM BUM 36x50x43 RGB LED BATTERY RED,1499
67011A_KAK,Macetero SUAVE Ø42x65 KHAKI,299
67012A_2017,Macetero SUAVE Ø55x100 BASIC CREMA,389
703017180,Mesa extendible GALILEO,2269
AT9492-STO,Consola GRADY SALTED OAK,989
ISOLA-3P,Sofa ISOLA 3 Plazas,1779
ISOLA-4P,Sofa ISOLA 4 Plazas,4119
JA47ELLGV7A,Silla de Comedor ALLEN,229
JA95ELA-CL1X,Silla de Comedor Tapizada,399
JA95ELA-CL1X-X2,Set de Dos Sillas Tapizadas,649
JB24BI-NG4J,Mesa de Comedor Rectangular Extendible AZALEA,999
JB26FI-FT8P,Mesa de Comedor Rectangular Extensible En Cristal,2699
JC5076G/A,Set de Dos Mesas de Centro Tope Blanco,549
JC5098FGZ8T,Mesa de Centro Giratoria,650
JC5156A/7G,Set de Dos Mesas de Centro Tope En Cristal,699
JC5176M/2L7021,Set de Dos Mesas de Centro ,749
M78X32,Base Queen Baja,250
M78X42,Base King Baja,290
M98X12,Base Twin,259
M98X22,Base Full,289
M98X32,Base Queen Alta,250
M98X42,Base King Alta,290
MISKASET2,Set de Dos Mesas de Centro,499
PK5002M-CB6K,Peinadora,999
PK5004Z,Mesa de Noche,479
PK5143U-CL1x,Peinadora,899
PK5146P-CL1X,Mesa de Noche IZQ,389
PK5147V-CL1X,Mesa de Noche DER,389
PK5150E-GZ8t,Mesa de Noche 2 Gavetas,269
PK5151M-GZ8T,Mesa de Noche 3 Gavetas,329
PK5153Z-DS9L,Mesa de Noche,569
PK5156U-GZ8T,Mesa de Noche,239
PK5176E-DM7P,Mesa de noche,329
PK5183R-GZ8T,Cama Queen 160x200,2499
PK5212A-CL1X,Cama Queen ,1999
PK5228V-CB6K,Cama Queen 160x200 cm,1699
PK7544Z-GZ8T,Credenza En Acabado Tipo Madera,2699
PL5673K-GZ8T,Cama Queen,719
PL5952E-D59L,Cama King,999
PL5965E-DM7P,Cama King,1099
